Time Stamp,ID,Extended,Dir,Bus,LEN,D1,D2,D3,D4,D5,D6,D7,D8
4301791788,00000010,false,Rx,9,4,30,08,00,01,00,00,00,00,
4301829907,00000010,false,Rx,9,3,B0,01,00,00,00,00,00,00,
4301848315,00000010,false,Rx,9,3,B0,01,02,00,00,00,00,00,
4301888286,00000010,false,Rx,9,3,B0,01,02,00,00,00,00,00,
4301909007,00000010,false,Rx,9,5,B0,01,02,11,10,00,00,00,
4301910214,00000010,false,Rx,9,8,10,00,00,00,00,FF,00,00,
4301929898,00000010,false,Rx,9,5,B0,01,10,11,10,00,00,00,
4301931209,00000010,false,Rx,9,8,10,00,00,01,02,7C,00,00,
4301950407,00000010,false,Rx,9,8,12,00,00,00,00,12,00,00,
4301952907,00000010,false,Rx,9,3,B0,0D,00,00,00,00,00,00,
4301953882,00000010,false,Rx,9,4,30,01,00,0F,00,00,00,00,
4301954858,00000010,false,Rx,9,4,30,01,00,0E,00,00,00,00,
4301955723,00000010,false,Rx,9,4,30,01,00,07,00,00,00,00,
4301961088,00000010,false,Rx,9,4,30,08,00,12,00,00,00,00,
4301968681,00000010,false,Rx,9,7,B0,01,10,11,10,0D,00,00,
4301989249,00000010,false,Rx,9,7,B0,01,10,11,10,0E,00,00,
4301990068,00000010,false,Rx,9,3,B0,0D,00,00,00,00,00,00,
4302009137,00000010,false,Rx,9,7,B0,01,10,11,10,0D,00,00,
4302029469,00000010,false,Rx,9,7,B0,01,10,11,10,0D,00,00,
4302049196,00000010,false,Rx,9,7,B0,01,10,11,10,0D,00,00,
4302069108,00000010,false,Rx,9,7,B0,01,10,11,10,0D,00,00,
4302089117,00000010,false,Rx,9,7,B0,01,10,11,10,0D,00,00,
4302109124,00000010,false,Rx,9,7,B0,01,10,11,10,0D,00,00,
4302129154,00000010,false,Rx,9,7,B0,01,10,11,10,0D,00,00,
4302149147,00000010,false,Rx,9,7,B0,01,10,11,10,0D,00,00,
4302189143,00000010,false,Rx,9,7,B0,01,10,11,10,0E,00,00,
4302189927,00000010,false,Rx,9,3,B0,0D,00,00,00,00,00,00,
4302209248,00000010,false,Rx,9,7,B0,01,10,11,10,0D,00,00,
4302229314,00000010,false,Rx,9,7,B0,01,10,11,10,0D,00,00,
4302249196,00000010,false,Rx,9,7,B0,01,10,11,10,0D,00,00,
4302269252,00000010,false,Rx,9,7,B0,01,10,11,10,0D,00,00,
4302289472,00000010,false,Rx,9,7,B0,01,10,11,10,0D,00,00,
4302309217,00000010,false,Rx,9,7,B0,01,10,11,10,0D,00,00,
4302329252,00000010,false,Rx,9,7,B0,01,10,11,10,0D,00,00,
4302349301,00000010,false,Rx,9,7,B0,01,10,11,10,0D,00,00,
4302353914,00000010,false,Rx,9,4,30,08,00,2C,00,00,00,00,
4302370260,00000010,false,Rx,9,7,B0,01,10,11,10,0D,00,00,
4302389136,00000010,false,Rx,9,7,B0,01,10,11,10,0E,00,00,
4302390030,00000010,false,Rx,9,3,B0,0D,00,00,00,00,00,00,
4302409493,00000010,false,Rx,9,7,B0,01,10,11,10,0D,00,00,
4302429245,00000010,false,Rx,9,7,B0,01,10,11,10,0D,00,00,
4302449274,00000010,false,Rx,9,7,B0,01,10,11,10,0D,00,00,
4302469238,00000010,false,Rx,9,7,B0,01,10,11,10,0D,00,00,
4302489301,00000010,false,Rx,9,7,B0,01,10,11,10,0D,00,00,
4302509175,00000010,false,Rx,9,7,B0,01,10,11,10,0D,00,00,
4302529475,00000010,false,Rx,9,7,B0,01,10,11,10,0D,00,00,
4302549430,00000010,false,Rx,9,7,B0,01,10,11,10,0D,00,00,
4302570266,00000010,false,Rx,9,7,B0,01,10,11,10,0D,00,00,
4302589223,00000010,false,Rx,9,7,B0,01,10,11,10,0E,00,00,
4302590098,00000010,false,Rx,9,3,B0,0D,00,00,00,00,00,00,
4302609342,00000010,false,Rx,9,7,B0,01,10,11,10,0D,00,00,
4302629208,00000010,false,Rx,9,7,B0,01,10,11,10,0D,00,00,
4302649521,00000010,false,Rx,9,7,B0,01,10,11,10,0D,00,00,
4302669291,00000010,false,Rx,9,7,B0,01,10,11,10,0D,00,00,
4302689362,00000010,false,Rx,9,7,B0,01,10,11,10,0D,00,00,
4302709309,00000010,false,Rx,9,7,B0,01,10,11,10,0D,00,00,
4302729253,00000010,false,Rx,9,7,B0,01,10,11,10,0D,00,00,
4302749380,00000010,false,Rx,9,7,B0,01,10,11,10,0D,00,00,
4302753698,00000010,false,Rx,9,4,30,08,00,2D,00,00,00,00,
4302754381,00000010,false,Rx,9,4,31,08,00,2C,00,00,00,00,
4302789337,00000010,false,Rx,9,7,B0,01,10,11,10,0E,00,00,
4302791062,00000010,false,Rx,9,3,B0,0D,00,00,00,00,00,00,
4302809330,00000010,false,Rx,9,7,B0,01,10,11,10,0D,00,00,
4302829371,00000010,false,Rx,9,7,B0,01,10,11,10,0D,00,00,
4302849318,00000010,false,Rx,9,7,B0,01,10,11,10,0D,00,00,
4302869285,00000010,false,Rx,9,7,B0,01,10,11,10,0D,00,00,
4302889550,00000010,false,Rx,9,7,B0,01,10,11,10,0D,00,00,
4302909334,00000010,false,Rx,9,7,B0,01,10,11,10,0D,00,00,
4302929381,00000010,false,Rx,9,7,B0,01,10,11,10,0D,00,00,
4302949317,00000010,false,Rx,9,7,B0,01,10,11,10,0D,00,00,
4302970401,00000010,false,Rx,9,7,B0,01,10,11,10,0D,00,00,
4302989219,00000010,false,Rx,9,7,B0,01,10,11,10,0E,00,00,
4302990090,00000010,false,Rx,9,3,B0,0D,00,00,00,00,00,00,
4303029320,00000010,false,Rx,9,7,B0,01,10,11,10,0D,00,00,
4303049303,00000010,false,Rx,9,7,B0,01,10,11,10,0D,00,00,
4303069418,00000010,false,Rx,9,7,B0,01,10,11,10,0D,00,00,
4303089357,00000010,false,Rx,9,7,B0,01,10,11,10,0D,00,00,
4303109275,00000010,false,Rx,9,7,B0,01,10,11,10,0D,00,00,
4303129566,00000010,false,Rx,9,7,B0,01,10,11,10,0D,00,00,
4303149382,00000010,false,Rx,9,7,B0,01,10,11,10,0D,00,00,
4303153615,00000010,false,Rx,9,4,30,08,00,2E,00,00,00,00,
4303154480,00000010,false,Rx,9,4,31,08,00,2D,00,00,00,00,
4303170391,00000010,false,Rx,9,7,B0,01,10,11,10,0D,00,00,
4303189311,00000010,false,Rx,9,7,B0,01,10,11,10,0E,00,00,
4303190193,00000010,false,Rx,9,3,B0,0D,00,00,00,00,00,00,
4303209376,00000010,false,Rx,9,7,B0,01,10,11,10,0D,00,00,
4303229297,00000010,false,Rx,9,7,B0,01,10,11,10,0D,00,00,
4303249542,00000010,false,Rx,9,7,B0,01,10,11,10,0D,00,00,
4303269389,00000010,false,Rx,9,7,B0,01,10,11,10,0D,00,00,
4303289421,00000010,false,Rx,9,7,B0,01,10,11,10,0D,00,00,
4303309408,00000010,false,Rx,9,7,B0,01,10,11,10,0D,00,00,
4303329419,00000010,false,Rx,9,7,B0,01,10,11,10,0D,00,00,
4303349333,00000010,false,Rx,9,7,B0,01,10,11,10,0D,00,00,
4303389362,00000010,false,Rx,9,7,B0,01,10,11,10,0E,00,00,
4303390260,00000010,false,Rx,9,3,B0,0D,00,00,00,00,00,00,
4303409399,00000010,false,Rx,9,7,B0,01,10,11,20,0D,00,00,
4303429593,00000010,false,Rx,9,7,B0,01,20,11,20,0D,00,00,
4303449545,00000010,false,Rx,9,7,B0,01,20,11,20,0D,00,00,
4303469532,00000010,false,Rx,9,7,B0,01,20,11,20,0D,00,00,
4303489777,00000010,false,Rx,9,7,B0,01,20,11,20,0D,00,00,
4303509651,00000010,false,Rx,9,7,B0,01,20,11,20,0D,00,00,
4303529608,00000010,false,Rx,9,7,B0,01,20,11,20,0D,00,00,
4303549574,00000010,false,Rx,9,7,B0,01,20,11,20,0D,00,00,
4303554139,00000010,false,Rx,9,4,30,08,00,2F,00,00,00,00,
4303570679,00000010,false,Rx,9,7,B0,01,20,11,20,0D,00,00,
4303589536,00000010,false,Rx,9,7,B0,01,20,11,20,0E,00,00,
4303590317,00000010,false,Rx,9,3,B0,0D,00,00,00,00,00,00,
4303629657,00000010,false,Rx,9,7,B0,01,20,11,20,0D,00,00,
4303649581,00000010,false,Rx,9,7,B0,01,20,11,20,0D,00,00,
4303669631,00000010,false,Rx,9,7,B0,01,20,11,20,0D,00,00,
4303689635,00000010,false,Rx,9,7,B0,01,20,11,20,0D,00,00,
4303709551,00000010,false,Rx,9,7,B0,01,20,11,20,0D,00,00,
4303749670,00000010,false,Rx,9,7,B0,01,20,11,20,0D,00,00,
4303770731,00000010,false,Rx,9,7,B0,01,20,11,20,0D,00,00,
4303789639,00000010,false,Rx,9,7,B0,01,20,11,20,0E,00,00,
4303790430,00000010,false,Rx,9,3,B0,0D,00,00,00,00,00,00,
4303809682,00000010,false,Rx,9,7,B0,01,20,11,20,0D,00,00,
4303829612,00000010,false,Rx,9,7,B0,01,20,11,20,0D,00,00,
4303849907,00000010,false,Rx,9,7,B0,01,20,11,20,0D,00,00,
4303869674,00000010,false,Rx,9,7,B0,01,20,11,20,0D,00,00,
4303889630,00000010,false,Rx,9,7,B0,01,20,11,20,0D,00,00,
4303909726,00000010,false,Rx,9,7,B0,01,20,11,20,0D,00,00,
4303929669,00000010,false,Rx,9,7,B0,01,20,11,20,0D,00,00,
4303949589,00000010,false,Rx,9,7,B0,01,20,11,20,0D,00,00,
4303954369,00000010,false,Rx,9,4,30,08,00,30,00,00,00,00,
4303954651,00000010,false,Rx,9,4,31,08,00,2F,00,00,00,00,
4303989671,00000010,false,Rx,9,7,B0,01,20,11,20,0E,00,00,
4303990456,00000010,false,Rx,9,3,B0,0D,00,00,00,00,00,00,
4304009648,00000010,false,Rx,9,7,B0,01,20,11,20,0D,00,00,
4304029717,00000010,false,Rx,9,7,B0,01,20,11,20,0D,00,00,
4304049649,00000010,false,Rx,9,7,B0,01,20,11,20,0D,00,00,
4304069614,00000010,false,Rx,9,7,B0,01,20,11,20,0D,00,00,
4304109709,00000010,false,Rx,9,7,B0,01,20,11,20,0D,00,00,
4304129709,00000010,false,Rx,9,7,B0,01,20,11,20,0D,00,00,
4304149699,00000010,false,Rx,9,7,B0,01,20,11,20,0D,00,00,
4304170921,00000010,false,Rx,9,7,B0,01,20,11,20,0D,00,00,
4304189659,00000010,false,Rx,9,7,B0,01,20,11,20,0E,00,00,
4304190456,00000010,false,Rx,9,3,B0,0D,00,00,00,00,00,00,
4304229754,00000010,false,Rx,9,7,B0,01,20,11,20,0D,00,00,
4304249735,00000010,false,Rx,9,7,B0,01,20,11,20,0D,00,00,
4304269688,00000010,false,Rx,9,7,B0,01,20,11,20,0D,00,00,
4304289701,00000010,false,Rx,9,7,B0,01,20,11,20,0D,00,00,
4304309645,00000010,false,Rx,9,7,B0,01,20,11,20,0D,00,00,
4304349730,00000010,false,Rx,9,7,B0,01,20,11,20,0D,00,00,
4304353801,00000010,false,Rx,9,4,30,08,00,31,00,00,00,00,
4304355482,00000010,false,Rx,9,4,31,08,00,30,00,00,00,00,
4304371383,00000010,false,Rx,9,7,B0,01,20,11,20,0D,00,00,
4304389725,00000010,false,Rx,9,7,B0,01,20,11,20,0E,00,00,
4304390502,00000010,false,Rx,9,3,B0,0D,00,00,00,00,00,00,
4304409781,00000010,false,Rx,9,7,B0,01,20,11,20,0D,00,00,
4304429745,00000010,false,Rx,9,7,B0,01,20,11,20,0D,00,00,
4304469701,00000010,false,Rx,9,7,B0,01,20,11,20,0D,00,00,
4304489782,00000010,false,Rx,9,7,B0,01,20,11,20,0D,00,00,
4304509806,00000010,false,Rx,9,7,B0,01,20,11,20,0D,00,00,
4304529713,00000010,false,Rx,9,7,B0,01,20,11,20,0D,00,00,
4304549666,00000010,false,Rx,9,7,B0,01,20,11,20,0D,00,00,
4304589725,00000010,false,Rx,9,7,B0,01,20,11,20,0E,00,00,
4304590625,00000010,false,Rx,9,3,B0,0D,00,00,00,00,00,00,
4304609741,00000010,false,Rx,9,7,B0,01,20,11,20,0D,00,00,
4304629835,00000010,false,Rx,9,7,B0,01,20,11,20,0D,00,00,
4304649793,00000010,false,Rx,9,7,B0,01,20,11,20,0D,00,00,
4304669730,00000010,false,Rx,9,7,B0,01,20,11,20,0D,00,00,
4304709742,00000010,false,Rx,9,7,B0,01,20,11,20,0D,00,00,
4304729807,00000010,false,Rx,9,7,B0,01,20,11,20,0D,00,00,
4304749812,00000010,false,Rx,9,7,B0,01,20,11,20,0D,00,00,
4304753917,00000010,false,Rx,9,4,30,08,00,32,00,00,00,00,
4304754601,00000010,false,Rx,9,4,31,08,00,31,00,00,00,00,
4304771097,00000010,false,Rx,9,7,B0,01,20,11,20,0D,00,00,
4304789665,00000010,false,Rx,9,7,B0,01,20,11,20,0E,00,00,
4304790567,00000010,false,Rx,9,3,B0,0D,00,00,00,00,00,00,
4304829824,00000010,false,Rx,9,7,B0,01,20,11,20,0D,00,00,
4304849818,00000010,false,Rx,9,7,B0,01,20,11,20,0D,00,00,
4304869845,00000010,false,Rx,9,7,B0,01,20,11,20,0D,00,00,
4304889831,00000010,false,Rx,9,7,B0,01,20,11,20,0D,00,00,
4304909834,00000010,false,Rx,9,7,B0,01,20,11,20,0D,00,00,
4304949857,00000010,false,Rx,9,7,B0,01,20,11,20,0D,00,00,
4304971575,00000010,false,Rx,9,7,B0,01,20,11,20,0D,00,00,
4304989825,00000010,false,Rx,9,7,B0,01,20,11,20,0E,00,00,
4304990614,00000010,false,Rx,9,3,B0,0D,00,00,00,00,00,00,
4305009822,00000010,false,Rx,9,7,B0,01,20,11,20,0D,00,00,
4305029829,00000010,false,Rx,9,7,B0,01,20,11,20,0D,00,00,
4305069897,00000010,false,Rx,9,7,B0,01,20,11,20,0D,00,00,
4305089824,00000010,false,Rx,9,7,B0,01,20,11,20,0D,00,00,
4305109886,00000010,false,Rx,9,7,B0,01,20,11,20,0D,00,00,
4305129856,00000010,false,Rx,9,7,B0,01,20,11,20,0D,00,00,
4305149807,00000010,false,Rx,9,7,B0,01,20,11,20,0D,00,00,
4305153661,00000010,false,Rx,9,4,30,08,00,33,00,00,00,00,
4305154535,00000010,false,Rx,9,4,31,08,00,32,00,00,00,00,
4305189798,00000010,false,Rx,9,7,B0,01,20,11,20,0E,00,00,
4305190690,00000010,false,Rx,9,3,B0,0D,00,00,00,00,00,00,
4305209916,00000010,false,Rx,9,7,B0,01,20,11,20,0D,00,00,
4305229898,00000010,false,Rx,9,7,B0,01,20,11,20,0D,00,00,
4305249869,00000010,false,Rx,9,7,B0,01,20,11,20,0D,00,00,
4305269840,00000010,false,Rx,9,7,B0,01,20,11,20,0D,00,00,
4305309877,00000010,false,Rx,9,7,B0,01,20,11,20,0D,00,00,
4305329865,00000010,false,Rx,9,7,B0,01,20,11,20,0D,00,00,
4305349931,00000010,false,Rx,9,7,B0,01,20,11,20,0D,00,00,
4305371679,00000010,false,Rx,9,7,B0,01,20,11,20,0D,00,00,
4305389819,00000010,false,Rx,9,7,B0,01,20,11,20,0E,00,00,
4305390602,00000010,false,Rx,9,3,B0,0D,00,00,00,00,00,00,
4305429915,00000010,false,Rx,9,7,B0,01,20,11,20,0D,00,00,
4305449879,00000010,false,Rx,9,7,B0,01,20,11,20,0D,00,00,
4305469962,00000010,false,Rx,9,7,B0,01,20,11,20,0D,00,00,
4305489984,00000010,false,Rx,9,7,B0,01,20,11,20,0D,00,00,
4305509856,00000010,false,Rx,9,7,B0,01,20,11,20,0D,00,00,
4305549976,00000010,false,Rx,9,7,B0,01,20,11,20,0D,00,00,
4305553831,00000010,false,Rx,9,4,30,08,00,34,00,00,00,00,
4305554696,00000010,false,Rx,9,4,31,08,00,33,00,00,00,00,
4305571696,00000010,false,Rx,9,7,B0,01,20,11,20,0D,00,00,
4305589924,00000010,false,Rx,9,7,B0,01,20,11,20,0E,00,00,
4305590833,00000010,false,Rx,9,3,B0,0D,00,00,00,00,00,00,
4305609997,00000010,false,Rx,9,7,B0,01,20,11,20,0D,00,00,
4305629970,00000010,false,Rx,9,7,B0,01,20,11,20,0D,00,00,
4305669968,00000010,false,Rx,9,7,B0,01,20,11,20,0D,00,00,
4305689962,00000010,false,Rx,9,7,B0,01,20,11,20,0D,00,00,
4305709982,00000010,false,Rx,9,7,B0,01,20,11,20,0D,00,00,
4305730046,00000010,false,Rx,9,7,B0,01,20,11,20,0D,00,00,
4305750163,00000010,false,Rx,9,7,B0,01,20,11,20,0D,00,00,
4305790067,00000010,false,Rx,9,7,B0,01,20,11,20,0E,00,00,
4305790858,00000010,false,Rx,9,3,B0,0D,00,00,00,00,00,00,
4305810047,00000010,false,Rx,9,7,B0,01,20,11,20,0D,00,00,
4305830154,00000010,false,Rx,9,7,B0,01,20,11,20,0D,00,00,
4305850079,00000010,false,Rx,9,7,B0,01,20,11,20,0D,00,00,
4305870036,00000010,false,Rx,9,7,B0,01,20,11,20,0D,00,00,
4305910115,00000010,false,Rx,9,7,B0,01,20,11,20,0D,00,00,
4305930125,00000010,false,Rx,9,7,B0,01,20,11,20,0D,00,00,
4305950193,00000010,false,Rx,9,7,B0,01,20,11,20,0D,00,00,
4305953953,00000010,false,Rx,9,4,30,08,00,35,00,00,00,00,
4305954825,00000010,false,Rx,9,4,31,08,00,34,00,00,00,00,
4305971872,00000010,false,Rx,9,7,B0,01,20,11,20,0D,00,00,
4305990010,00000010,false,Rx,9,7,B0,01,20,11,20,0E,00,00,
4305990894,00000010,false,Rx,9,3,B0,0D,00,00,00,00,00,00,
4306030126,00000010,false,Rx,9,7,B0,01,20,11,20,0D,00,00,
4306050114,00000010,false,Rx,9,7,B0,01,20,11,20,0D,00,00,
4306070150,00000010,false,Rx,9,7,B0,01,20,11,20,0D,00,00,
4306090217,00000010,false,Rx,9,7,B0,01,20,11,20,0D,00,00,
4306110111,00000010,false,Rx,9,7,B0,01,20,11,20,0D,00,00,
4306150276,00000010,false,Rx,9,7,B0,01,20,11,20,0D,00,00,
4306171863,00000010,false,Rx,9,7,B0,01,20,11,20,0D,00,00,
4306190203,00000010,false,Rx,9,7,B0,01,20,11,20,0E,00,00,
4306191417,00000010,false,Rx,9,3,B0,0D,00,00,00,00,00,00,
4306210268,00000010,false,Rx,9,7,B0,01,20,11,20,0D,00,00,
4306230177,00000010,false,Rx,9,7,B0,01,20,11,20,0D,00,00,
4306270283,00000010,false,Rx,9,7,B0,01,20,11,20,0D,00,00,
4306290334,00000010,false,Rx,9,7,B0,01,20,11,20,0D,00,00,
4306310257,00000010,false,Rx,9,7,B0,01,20,11,20,0D,00,00,
4306330240,00000010,false,Rx,9,7,B0,01,20,11,20,0D,00,00,
4306350324,00000010,false,Rx,9,7,B0,01,20,11,20,0D,00,00,
4306353964,00000010,false,Rx,9,4,31,08,00,35,00,00,00,00,
4306390288,00000010,false,Rx,9,7,B0,01,20,11,20,0E,00,00,
4306391398,00000010,false,Rx,9,3,B0,0D,00,00,00,00,00,00,
4306410241,00000010,false,Rx,9,7,B0,01,20,11,20,0D,00,00,
4306430286,00000010,false,Rx,9,7,B0,01,20,11,20,0D,00,00,
4306450223,00000010,false,Rx,9,7,B0,01,20,11,20,0D,00,00,
4306470154,00000010,false,Rx,9,7,B0,01,20,11,20,0D,00,00,
4306510250,00000010,false,Rx,9,7,B0,01,20,11,20,0D,00,00,
4306530330,00000010,false,Rx,9,7,B0,01,20,11,20,0D,00,00,
4306550324,00000010,false,Rx,9,7,B0,01,20,11,20,0D,00,00,
4306571373,00000010,false,Rx,9,7,B0,01,20,11,20,0D,00,00,
4306590339,00000010,false,Rx,9,7,B0,01,20,11,20,0E,00,00,
4306591454,00000010,false,Rx,9,3,B0,0D,00,00,00,00,00,00,
4306630435,00000010,false,Rx,9,7,B0,01,20,11,20,0D,00,00,
4306650390,00000010,false,Rx,9,7,B0,01,20,11,20,0D,00,00,
4306670376,00000010,false,Rx,9,7,B0,01,20,11,20,0D,00,00,
4306690338,00000010,false,Rx,9,7,B0,01,20,11,20,0D,00,00,
4306710327,00000010,false,Rx,9,7,B0,01,20,11,20,0D,00,00,
4306750445,00000010,false,Rx,9,7,B0,01,20,11,20,0D,00,00,
4306771458,00000010,false,Rx,9,7,B0,01,20,11,20,0D,00,00,
4306790434,00000010,false,Rx,9,7,B0,01,20,11,20,0E,00,00,
4306791542,00000010,false,Rx,9,3,B0,0D,00,00,00,00,00,00,
4306810444,00000010,false,Rx,9,7,B0,01,20,11,20,0D,00,00,
4306830338,00000010,false,Rx,9,7,B0,01,20,11,20,0D,00,00,
4306870453,00000010,false,Rx,9,7,B0,01,20,11,20,0D,00,00,
4306890373,00000010,false,Rx,9,7,B0,01,20,11,20,0D,00,00,
4306910428,00000010,false,Rx,9,7,B0,01,20,11,20,0D,00,00,
4306930405,00000010,false,Rx,9,7,B0,01,20,11,20,0D,00,00,
4306950407,00000010,false,Rx,9,7,B0,01,20,11,20,0D,00,00,
4306990387,00000010,false,Rx,9,7,B0,01,20,11,20,0E,00,00,
4306991500,00000010,false,Rx,9,3,B0,0D,00,00,00,00,00,00,
4307010484,00000010,false,Rx,9,7,B0,01,20,11,20,0D,00,00,
4307030477,00000010,false,Rx,9,7,B0,01,20,11,20,0D,00,00,
4307050410,00000010,false,Rx,9,7,B0,01,20,11,20,0D,00,00,
4307070496,00000010,false,Rx,9,7,B0,01,20,11,20,0D,00,00,
4307110465,00000010,false,Rx,9,7,B0,01,20,11,20,0D,00,00,
4307130409,00000010,false,Rx,9,7,B0,01,20,11,20,0D,00,00,
4307150618,00000010,false,Rx,9,7,B0,01,20,11,20,0D,00,00,
4307171476,00000010,false,Rx,9,7,B0,01,20,11,20,0D,00,00,
4307190429,00000010,false,Rx,9,7,B0,01,20,11,20,0E,00,00,
4307191531,00000010,false,Rx,9,3,B0,0D,00,00,00,00,00,00,
4307230449,00000010,false,Rx,9,7,B0,01,20,11,20,0D,00,00,
4307250497,00000010,false,Rx,9,7,B0,01,20,11,20,0D,00,00,
4307270550,00000010,false,Rx,9,7,B0,01,20,11,20,0D,00,00,
4307290494,00000010,false,Rx,9,7,B0,01,20,11,20,0D,00,00,
4307310415,00000010,false,Rx,9,7,B0,01,20,11,20,0D,00,00,
4307350499,00000010,false,Rx,9,7,B0,01,20,11,20,0D,00,00,
4307371498,00000010,false,Rx,9,7,B0,01,20,11,20,0D,00,00,
4307390431,00000010,false,Rx,9,7,B0,01,20,11,20,0E,00,00,
4307391643,00000010,false,Rx,9,3,B0,0D,00,00,00,00,00,00,
4307410500,00000010,false,Rx,9,7,B0,01,20,11,20,0D,00,00,
4307430440,00000010,false,Rx,9,7,B0,01,20,11,20,0D,00,00,
4307470498,00000010,false,Rx,9,7,B0,01,20,11,20,0D,00,00,
4307490561,00000010,false,Rx,9,7,B0,01,20,11,20,0D,00,00,
4307510559,00000010,false,Rx,9,7,B0,01,20,11,20,0D,00,00,
4307530491,00000010,false,Rx,9,7,B0,01,20,11,20,0D,00,00,
4307550455,00000010,false,Rx,9,7,B0,01,20,11,20,0D,00,00,
4307590455,00000010,false,Rx,9,7,B0,01,20,11,20,0E,00,00,
4307591662,00000010,false,Rx,9,3,B0,0D,00,00,00,00,00,00,
4307610568,00000010,false,Rx,9,7,B0,01,20,11,20,0D,00,00,
4307630552,00000010,false,Rx,9,7,B0,01,20,11,20,0D,00,00,
4307650535,00000010,false,Rx,9,7,B0,01,20,11,20,0D,00,00,
4307670475,00000010,false,Rx,9,7,B0,01,20,11,20,0D,00,00,
4307710611,00000010,false,Rx,9,7,B0,01,20,11,20,0D,00,00,
4307730605,00000010,false,Rx,9,7,B0,01,20,11,20,0D,00,00,
4307750742,00000010,false,Rx,9,7,B0,01,20,11,20,0D,00,00,
4307771637,00000010,false,Rx,9,7,B0,01,20,11,20,0D,00,00,
4307790478,00000010,false,Rx,9,7,B0,01,20,11,20,0E,00,00,
4307791585,00000010,false,Rx,9,3,B0,0D,00,00,00,00,00,00,
4307830571,00000010,false,Rx,9,7,B0,01,20,11,20,0D,00,00,
4307850572,00000010,false,Rx,9,7,B0,01,20,11,20,0D,00,00,
4307870562,00000010,false,Rx,9,7,B0,01,20,11,20,0D,00,00,
4307890577,00000010,false,Rx,9,7,B0,01,20,11,20,0D,00,00,
4307910544,00000010,false,Rx,9,7,B0,01,20,11,20,0D,00,00,
4307950610,00000010,false,Rx,9,7,B0,01,20,11,20,0D,00,00,
4307971663,00000010,false,Rx,9,7,B0,01,20,11,20,0D,00,00,
4307990610,00000010,false,Rx,9,7,B0,01,20,11,20,0E,00,00,
4307991713,00000010,false,Rx,9,3,B0,0D,00,00,00,00,00,00,
4308010583,00000010,false,Rx,9,7,B0,01,20,11,20,0D,00,00,
4308030623,00000010,false,Rx,9,7,B0,01,20,11,20,0D,00,00,
4308070594,00000010,false,Rx,9,7,B0,01,20,11,20,0D,00,00,
4308090603,00000010,false,Rx,9,7,B0,01,20,11,20,0D,00,00,
4308110809,00000010,false,Rx,9,7,B0,01,20,11,20,0D,00,00,
4308130682,00000010,false,Rx,9,7,B0,01,20,11,20,0D,00,00,
4308150581,00000010,false,Rx,9,7,B0,01,20,11,20,0D,00,00,
4308190681,00000010,false,Rx,9,7,B0,01,20,11,20,0E,00,00,
4308191795,00000010,false,Rx,9,3,B0,0D,00,00,00,00,00,00,
4308210604,00000010,false,Rx,9,7,B0,01,20,11,20,0D,00,00,
4308230612,00000010,false,Rx,9,7,B0,01,20,11,20,0D,00,00,
4308250704,00000010,false,Rx,9,7,B0,01,20,11,20,0D,00,00,
4308271164,00000010,false,Rx,9,7,B0,01,20,11,20,0D,00,00,
4308310615,00000010,false,Rx,9,7,B0,01,20,11,20,0D,00,00,
4308330646,00000010,false,Rx,9,7,B0,01,20,11,20,0D,00,00,
4308350730,00000010,false,Rx,9,7,B0,01,20,11,20,0D,00,00,
4308371734,00000010,false,Rx,9,7,B0,01,20,11,20,0D,00,00,
4308390602,00000010,false,Rx,9,7,B0,01,20,11,20,0E,00,00,
4308391825,00000010,false,Rx,9,3,B0,0D,00,00,00,00,00,00,
4308430702,00000010,false,Rx,9,7,B0,01,20,11,20,0D,00,00,
4308450716,00000010,false,Rx,9,7,B0,01,20,11,20,0D,00,00,
4308470681,00000010,false,Rx,9,7,B0,01,20,11,20,0D,00,00,
4308490709,00000010,false,Rx,9,7,B0,01,20,11,20,0D,00,00,
4308510683,00000010,false,Rx,9,7,B0,01,20,11,20,0D,00,00,
4308550699,00000010,false,Rx,9,7,B0,01,20,11,20,0D,00,00,
4308571738,00000010,false,Rx,9,7,B0,01,20,11,20,0D,00,00,
4308590684,00000010,false,Rx,9,7,B0,01,20,11,20,0E,00,00,
4308591824,00000010,false,Rx,9,3,B0,0D,00,00,00,00,00,00,
4308610705,00000010,false,Rx,9,7,B0,01,20,11,20,0D,00,00,
4308630708,00000010,false,Rx,9,7,B0,01,20,11,20,0D,00,00,
4308670690,00000010,false,Rx,9,7,B0,01,20,11,20,0D,00,00,
4308690721,00000010,false,Rx,9,7,B0,01,20,11,20,0D,00,00,
4308710747,00000010,false,Rx,9,7,B0,01,20,11,20,0D,00,00,
4308730727,00000010,false,Rx,9,7,B0,01,20,11,20,0D,00,00,
4308752192,00000010,false,Rx,9,7,B0,01,20,11,20,0D,00,00,
4308790714,00000010,false,Rx,9,7,B0,01,20,11,20,0E,00,00,
4308791824,00000010,false,Rx,9,3,B0,0D,00,00,00,00,00,00,
4308811888,00000010,false,Rx,9,7,B0,01,20,11,20,0D,00,00,
4308831920,00000010,false,Rx,9,7,B0,01,20,11,20,0D,00,00,
4308852008,00000010,false,Rx,9,7,B0,01,20,11,20,0D,00,00,
4308872037,00000010,false,Rx,9,7,B0,01,20,11,20,0D,00,00,
4308910806,00000010,false,Rx,9,7,B0,01,20,11,20,0D,00,00,
4308932184,00000010,false,Rx,9,7,B0,01,20,11,20,0D,00,00,
4308952213,00000010,false,Rx,9,7,B0,01,20,11,20,0D,00,00,
4308972347,00000010,false,Rx,9,7,B0,01,20,11,20,0D,00,00,
4308990665,00000010,false,Rx,9,7,B0,01,20,11,20,0E,00,00,
4308992355,00000010,false,Rx,9,3,B0,0D,00,00,00,00,00,00,
4309030787,00000010,false,Rx,9,7,B0,01,20,11,20,0D,00,00,
4309050805,00000010,false,Rx,9,7,B0,01,20,11,20,0D,00,00,
4309070803,00000010,false,Rx,9,7,B0,01,20,11,20,0D,00,00,
4309090823,00000010,false,Rx,9,7,B0,01,20,11,20,0D,00,00,
4309110747,00000010,false,Rx,9,7,B0,01,20,11,20,0D,00,00,
4309150841,00000010,false,Rx,9,7,B0,01,20,11,20,0D,00,00,
4309171719,00000010,false,Rx,9,7,B0,01,20,11,20,0D,00,00,
4309192851,00000010,false,Rx,9,3,B0,0D,00,00,00,00,00,00,
4309230739,00000010,false,Rx,9,7,B0,01,20,11,20,0D,00,00,
4309270871,00000010,false,Rx,9,7,B0,01,20,11,20,0D,00,00,
4309290781,00000010,false,Rx,9,7,B0,01,20,11,20,0D,00,00,
4309310814,00000010,false,Rx,9,7,B0,01,20,11,20,0D,00,00,
4309330798,00000010,false,Rx,9,7,B0,01,20,11,20,0D,00,00,
4309350840,00000010,false,Rx,9,7,B0,01,20,11,20,0D,00,00,
4309390768,00000010,false,Rx,9,7,B0,01,20,11,20,0E,00,00,
4309393252,00000010,false,Rx,9,3,B0,0D,00,00,00,00,00,00,
4309410816,00000010,false,Rx,9,7,B0,01,20,11,20,0D,00,00,
4309430845,00000010,false,Rx,9,7,B0,01,20,11,20,0D,00,00,
4309450889,00000010,false,Rx,9,7,B0,01,20,11,20,0D,00,00,
4309470856,00000010,false,Rx,9,7,B0,01,20,11,20,0D,00,00,
4309510808,00000010,false,Rx,9,7,B0,01,20,11,20,0D,00,00,
4309530862,00000010,false,Rx,9,7,B0,01,20,11,20,0D,00,00,
4309550904,00000010,false,Rx,9,7,B0,01,20,11,20,0D,00,00,
4309590806,00000010,false,Rx,9,7,B0,01,20,11,20,0E,00,00,
4309591922,00000010,false,Rx,9,3,B0,0D,00,00,00,00,00,00,
4309630915,00000010,false,Rx,9,7,B0,01,20,11,20,0D,00,00,
4309650836,00000010,false,Rx,9,7,B0,01,20,11,20,0D,00,00,
4309670912,00000010,false,Rx,9,7,B0,01,20,11,20,0D,00,00,
4309690863,00000010,false,Rx,9,7,B0,01,20,11,20,0D,00,00,
4309710779,00000010,false,Rx,9,7,B0,01,20,11,20,0D,00,00,
4309750930,00000010,false,Rx,9,7,B0,01,20,11,20,0D,00,00,
4309790851,00000010,false,Rx,9,7,B0,01,20,11,20,0E,00,00,
4309792053,00000010,false,Rx,9,3,B0,0D,00,00,00,00,00,00,
4309810909,00000010,false,Rx,9,7,B0,01,20,11,20,0D,00,00,
4309830796,00000010,false,Rx,9,7,B0,01,20,11,20,0D,00,00,
4309870906,00000010,false,Rx,9,7,B0,01,20,11,20,0D,00,00,
4309890957,00000010,false,Rx,9,7,B0,01,20,11,20,0D,00,00,
4309910961,00000010,false,Rx,9,7,B0,01,20,11,20,0D,00,00,
4309930967,00000010,false,Rx,9,7,B0,01,20,11,20,0D,00,00,
4309950864,00000010,false,Rx,9,7,B0,01,20,11,20,0D,00,00,
4309990857,00000010,false,Rx,9,7,B0,01,20,11,20,0E,00,00,
4309991968,00000010,false,Rx,9,3,B0,0D,00,00,00,00,00,00,
4310010920,00000010,false,Rx,9,7,B0,01,20,11,20,0D,00,00,
4310030864,00000010,false,Rx,9,7,B0,01,20,11,20,0D,00,00,
4310050915,00000010,false,Rx,9,7,B0,01,20,11,20,0D,00,00,
4310070857,00000010,false,Rx,9,7,B0,01,20,11,20,0D,00,00,
4310110875,00000010,false,Rx,9,7,B0,01,20,11,20,0D,00,00,
4310130989,00000010,false,Rx,9,7,B0,01,20,11,20,0D,00,00,
4310190922,00000010,false,Rx,9,7,B0,01,20,11,20,0E,00,00,
4310192018,00000010,false,Rx,9,3,B0,0D,00,00,00,00,00,00,
4310250864,00000010,false,Rx,9,7,B0,01,20,11,20,0D,00,00,
4310270988,00000010,false,Rx,9,7,B0,01,20,11,20,0D,00,00,
4310290913,00000010,false,Rx,9,7,B0,01,20,11,20,0D,00,00,
4310310892,00000010,false,Rx,9,7,B0,01,20,11,20,0D,00,00,
4310392119,00000010,false,Rx,9,3,B0,0D,00,00,00,00,00,00,
4310410950,00000010,false,Rx,9,7,B0,01,20,11,20,0D,00,00,
4310430909,00000010,false,Rx,9,7,B0,01,20,11,20,0D,00,00,
4310550994,00000010,false,Rx,9,7,B0,01,20,11,20,0D,00,00,
4310592138,00000010,false,Rx,9,3,B0,0D,00,00,00,00,00,00,
4310671001,00000010,false,Rx,9,7,B0,01,20,11,20,0D,00,00,
4310790954,00000010,false,Rx,9,7,B0,01,20,11,20,0E,00,00,
4310792052,00000010,false,Rx,9,3,B0,0D,00,00,00,00,00,00,
4310911076,00000010,false,Rx,9,7,B0,01,20,11,20,0D,00,00,
4310992250,00000010,false,Rx,9,3,B0,0D,00,00,00,00,00,00,
4311031037,00000010,false,Rx,9,7,B0,01,20,11,20,0D,00,00,
4311151061,00000010,false,Rx,9,7,B0,01,20,11,20,0D,00,00,
4311171667,00000010,false,Rx,9,7,B0,01,20,11,20,0D,00,00,
4311192399,00000010,false,Rx,9,3,B0,0D,00,00,00,00,00,00,
4311271125,00000010,false,Rx,9,7,B0,01,20,11,20,0D,00,00,
4311371769,00000010,false,Rx,9,7,B0,01,20,11,20,0D,00,00,
4311391072,00000010,false,Rx,9,7,B0,01,20,11,20,0E,00,00,
4311392172,00000010,false,Rx,9,3,B0,0D,00,00,00,00,00,00,
4311511107,00000010,false,Rx,9,7,B0,01,20,11,20,0D,00,00,
4311571699,00000010,false,Rx,9,7,B0,01,20,11,20,0D,00,00,
4311592411,00000010,false,Rx,9,3,B0,0D,00,00,00,00,00,00,
4311631159,00000010,false,Rx,9,7,B0,01,20,11,20,0D,00,00,
4311751224,00000010,false,Rx,9,7,B0,01,20,11,20,0D,00,00,
4311791620,00000010,false,Rx,9,7,B0,01,20,11,20,0E,00,00,
4311871255,00000010,false,Rx,9,7,B0,01,20,11,20,0D,00,00,
4311971810,00000010,false,Rx,9,7,B0,01,20,11,20,0D,00,00,
4311991142,00000010,false,Rx,9,7,B0,01,20,11,20,0E,00,00,
4311992360,00000010,false,Rx,9,3,B0,0D,00,00,00,00,00,00,
4312111227,00000010,false,Rx,9,7,B0,01,20,11,20,0D,00,00,
4312171752,00000010,false,Rx,9,7,B0,01,20,11,20,0D,00,00,
4312192500,00000010,false,Rx,9,3,B0,0D,00,00,00,00,00,00,
4312231211,00000010,false,Rx,9,7,B0,01,20,11,20,0D,00,00,
4312351281,00000010,false,Rx,9,7,B0,01,20,11,20,0D,00,00,
4312371857,00000010,false,Rx,9,7,B0,01,20,11,20,0D,00,00,
4312392571,00000010,false,Rx,9,3,B0,0D,00,00,00,00,00,00,
4312471257,00000010,false,Rx,9,7,B0,01,20,11,20,0D,00,00,
4312571858,00000010,false,Rx,9,7,B0,01,20,11,20,0D,00,00,
4312591254,00000010,false,Rx,9,7,B0,01,20,11,20,0E,00,00,
4312592353,00000010,false,Rx,9,3,B0,0D,00,00,00,00,00,00,
4312711280,00000010,false,Rx,9,7,B0,01,20,11,20,0D,00,00,
4312792712,00000010,false,Rx,9,3,B0,0D,00,00,00,00,00,00,
4312831314,00000010,false,Rx,9,7,B0,01,20,11,20,0D,00,00,
4312951338,00000010,false,Rx,9,7,B0,01,20,11,20,0D,00,00,
4312992871,00000010,false,Rx,9,3,B0,0D,00,00,00,00,00,00,
4313071406,00000010,false,Rx,9,7,B0,01,20,11,20,0D,00,00,
4313131385,00000010,false,Rx,9,7,B0,01,20,11,20,0D,00,00,
4313191455,00000010,false,Rx,9,7,B0,01,20,11,20,0E,00,00,
4313192529,00000010,false,Rx,9,3,B0,0D,00,00,00,00,00,00,
4313311408,00000010,false,Rx,9,7,B0,01,20,11,20,0D,00,00,
4313391356,00000010,false,Rx,9,7,B0,01,20,11,20,0E,00,00,
4313411405,00000010,false,Rx,9,7,B0,01,20,11,20,0D,00,00,
4313431430,00000010,false,Rx,9,7,B0,01,20,11,20,0D,00,00,
4313511434,00000010,false,Rx,9,7,B0,01,20,11,20,0D,00,00,
4313551452,00000010,false,Rx,9,7,B0,01,20,11,20,0D,00,00,
4313591379,00000010,false,Rx,9,7,B0,01,20,11,20,0E,00,00,
4313611471,00000010,false,Rx,9,7,B0,01,20,11,20,0D,00,00,
4313631476,00000010,false,Rx,9,7,B0,01,20,11,20,0D,00,00,
4313651504,00000010,false,Rx,9,7,B0,01,20,11,20,0D,00,00,
4313671513,00000010,false,Rx,9,7,B0,01,20,11,20,0D,00,00,
4313711434,00000010,false,Rx,9,7,B0,01,20,11,20,0D,00,00,
4313731484,00000010,false,Rx,9,7,B0,01,20,11,20,0D,00,00,
4313751572,00000010,false,Rx,9,7,B0,01,20,11,20,0D,00,00,
4313771224,00000010,false,Rx,9,7,B0,01,20,11,20,0D,00,00,
4313791440,00000010,false,Rx,9,7,B0,01,20,11,20,0E,00,00,
4313792658,00000010,false,Rx,9,3,B0,0D,00,00,00,00,00,00,
4313811228,00000010,false,Rx,9,7,B0,01,20,11,20,0D,00,00,
4313831422,00000010,false,Rx,9,7,B0,01,20,11,20,0D,00,00,
4313851549,00000010,false,Rx,9,7,B0,01,20,11,20,0D,00,00,
4313871511,00000010,false,Rx,9,7,B0,01,20,11,20,0D,00,00,
4313891550,00000010,false,Rx,9,7,B0,01,20,11,20,0D,00,00,
4313911560,00000010,false,Rx,9,7,B0,01,20,11,20,0D,00,00,
4313931569,00000010,false,Rx,9,7,B0,01,20,11,20,0D,00,00,
4313951453,00000010,false,Rx,9,7,B0,01,20,11,20,0D,00,00,
4313991190,00000010,false,Rx,9,7,B0,01,20,11,20,0E,00,00,
4313992078,00000010,false,Rx,9,3,B0,0D,00,00,00,00,00,00,
4314011560,00000010,false,Rx,9,7,B0,01,20,11,20,0D,00,00,
4314031280,00000010,false,Rx,9,7,B0,01,20,11,20,0D,00,00,
4314051544,00000010,false,Rx,9,7,B0,01,20,11,20,0D,00,00,
4314071525,00000010,false,Rx,9,7,B0,01,20,11,20,0D,00,00,
4314091244,00000010,false,Rx,9,7,B0,01,20,11,20,0D,00,00,
4314111291,00000010,false,Rx,9,7,B0,01,20,11,20,0D,00,00,
4314131219,00000010,false,Rx,9,7,B0,01,20,11,20,0D,00,00,
4314151244,00000010,false,Rx,9,7,B0,01,20,11,20,0D,00,00,
4314191465,00000010,false,Rx,9,7,B0,01,20,11,20,0E,00,00,
4314211218,00000010,false,Rx,9,7,B0,01,20,11,20,0D,00,00,
4314231498,00000010,false,Rx,9,7,B0,01,20,11,20,0D,00,00,
4314251267,00000010,false,Rx,9,7,B0,01,20,11,20,0D,00,00,
4314271542,00000010,false,Rx,9,7,B0,01,20,11,20,0D,00,00,
4314291581,00000010,false,Rx,9,7,B0,01,20,11,20,0D,00,00,
4314311329,00000010,false,Rx,9,7,B0,01,20,11,20,0D,00,00,
4314331358,00000010,false,Rx,9,7,B0,01,20,11,20,0D,00,00,
4314351519,00000010,false,Rx,9,7,B0,01,20,11,20,0D,00,00,
4314371267,00000010,false,Rx,9,7,B0,01,20,11,20,0D,00,00,
4314391539,00000010,false,Rx,9,7,B0,01,20,11,20,0E,00,00,
4314392726,00000010,false,Rx,9,3,B0,0D,00,00,00,00,00,00,
4314411282,00000010,false,Rx,9,7,B0,01,20,11,20,0D,00,00,
4314431349,00000010,false,Rx,9,7,B0,01,20,11,20,0D,00,00,
4314451309,00000010,false,Rx,9,7,B0,01,20,11,20,0D,00,00,
4314471323,00000010,false,Rx,9,7,B0,01,20,11,20,0D,00,00,
4314491304,00000010,false,Rx,9,7,B0,01,20,11,20,0D,00,00,
4314511378,00000010,false,Rx,9,7,B0,01,20,11,20,0D,00,00,
4314531348,00000010,false,Rx,9,7,B0,01,20,11,20,0D,00,00,
4314551577,00000010,false,Rx,9,7,B0,01,20,11,20,0D,00,00,
4314591263,00000010,false,Rx,9,7,B0,01,20,11,20,0E,00,00,
4314611654,00000010,false,Rx,9,7,B0,01,20,11,20,0D,00,00,
4314631575,00000010,false,Rx,9,7,B0,01,20,11,20,0D,00,00,
4314651649,00000010,false,Rx,9,7,B0,01,20,11,20,0D,00,00,
4314671569,00000010,false,Rx,9,7,B0,01,20,11,20,0D,00,00,
4314691361,00000010,false,Rx,9,7,B0,01,20,11,20,0D,00,00,
4314711338,00000010,false,Rx,9,7,B0,01,20,11,20,0D,00,00,
4314731649,00000010,false,Rx,9,7,B0,01,20,11,20,0D,00,00,
4314753378,00000010,false,Rx,9,7,B0,01,20,11,20,0D,00,00,
4314791294,00000010,false,Rx,9,7,B0,01,20,11,20,0E,00,00,
4314811389,00000010,false,Rx,9,7,B0,01,20,11,20,0D,00,00,
4314831636,00000010,false,Rx,9,7,B0,01,20,11,20,0D,00,00,
4314851377,00000010,false,Rx,9,7,B0,01,20,11,20,0D,00,00,
4314871386,00000010,false,Rx,9,7,B0,01,20,11,20,0D,00,00,
4314891424,00000010,false,Rx,9,7,B0,01,20,11,20,0D,00,00,
4314911343,00000010,false,Rx,9,7,B0,01,20,11,20,0D,00,00,
4314931762,00000010,false,Rx,9,7,B0,01,20,11,20,0D,00,00,
4314951436,00000010,false,Rx,9,7,B0,01,20,11,20,0D,00,00,
4314991383,00000010,false,Rx,9,7,B0,01,20,11,20,0E,00,00,
4314993702,00000010,false,Rx,9,3,B0,0D,00,00,00,00,00,00,
4315011706,00000010,false,Rx,9,7,B0,01,20,11,20,0D,00,00,
4315031469,00000010,false,Rx,9,7,B0,01,20,11,20,0D,00,00,
4315051463,00000010,false,Rx,9,7,B0,01,20,11,20,0D,00,00,
4315071690,00000010,false,Rx,9,7,B0,01,20,11,20,0D,00,00,
4315091742,00000010,false,Rx,9,7,B0,01,20,11,20,0D,00,00,
4315111406,00000010,false,Rx,9,7,B0,01,20,11,20,0D,00,00,
4315131486,00000010,false,Rx,9,7,B0,01,20,11,20,0D,00,00,
4315151813,00000010,false,Rx,9,7,B0,01,20,11,20,0D,00,00,
4315191417,00000010,false,Rx,9,7,B0,01,20,11,20,0E,00,00,
4315211434,00000010,false,Rx,9,7,B0,01,20,11,20,0D,00,00,
4315231421,00000010,false,Rx,9,7,B0,01,20,11,20,0D,00,00,
4315251772,00000010,false,Rx,9,7,B0,01,20,11,20,0D,00,00,
4315271715,00000010,false,Rx,9,7,B0,01,20,11,20,0D,00,00,
4315291422,00000010,false,Rx,9,7,B0,01,20,11,20,0D,00,00,
4315311485,00000010,false,Rx,9,7,B0,01,20,11,20,0D,00,00,
4315331769,00000010,false,Rx,9,7,B0,01,20,11,20,0D,00,00,
4315351849,00000010,false,Rx,9,7,B0,01,20,11,20,0D,00,00,
4315391767,00000010,false,Rx,9,7,B0,01,20,11,20,0E,00,00,
4315411471,00000010,false,Rx,9,7,B0,01,20,11,20,0D,00,00,
4315431452,00000010,false,Rx,9,7,B0,01,20,11,20,0D,00,00,
4315451878,00000010,false,Rx,9,7,B0,01,20,11,20,0D,00,00,
4315471526,00000010,false,Rx,9,7,B0,01,20,11,20,0D,00,00,
4315491464,00000010,false,Rx,9,7,B0,01,20,11,20,0D,00,00,
4315511506,00000010,false,Rx,9,7,B0,01,20,11,20,0D,00,00,
4315531527,00000010,false,Rx,9,7,B0,01,20,11,20,0D,00,00,
4315551534,00000010,false,Rx,9,7,B0,01,20,11,20,0D,00,00,
4315591526,00000010,false,Rx,9,7,B0,01,20,11,20,0E,00,00,
4315592325,00000010,false,Rx,9,3,B0,0D,00,00,00,00,00,00,
4315611574,00000010,false,Rx,9,7,B0,01,20,11,20,0D,00,00,
4315631528,00000010,false,Rx,9,7,B0,01,20,11,20,0D,00,00,
4315651479,00000010,false,Rx,9,7,B0,01,20,11,20,0D,00,00,
4315671828,00000010,false,Rx,9,7,B0,01,20,11,20,0D,00,00,
4315711526,00000010,false,Rx,9,7,B0,01,20,11,20,0D,00,00,
4315731572,00000010,false,Rx,9,7,B0,01,20,11,20,0D,00,00,
4315751695,00000010,false,Rx,9,7,B0,01,20,11,20,0D,00,00,
4315811615,00000010,false,Rx,9,7,B0,01,20,11,20,0D,00,00,
4315831575,00000010,false,Rx,9,7,B0,01,20,11,20,0D,00,00,
4315851570,00000010,false,Rx,9,7,B0,01,20,11,20,0D,00,00,
4315871605,00000010,false,Rx,9,7,B0,01,20,11,20,0D,00,00,
4315891643,00000010,false,Rx,9,7,B0,01,20,11,20,0D,00,00,
4315951666,00000010,false,Rx,9,7,B0,01,20,11,20,0D,00,00,
4316011654,00000010,false,Rx,9,7,B0,01,20,11,20,0D,00,00,
4316051646,00000010,false,Rx,9,7,B0,01,20,11,20,0D,00,00,
4316071610,00000010,false,Rx,9,7,B0,01,20,11,20,0D,00,00,
4316131694,00000010,false,Rx,9,7,B0,01,20,11,20,0D,00,00,
4316192526,00000010,false,Rx,9,3,B0,0D,00,00,00,00,00,00,
4316792774,00000010,false,Rx,9,3,B0,0D,00,00,00,00,00,00,
4317393240,00000010,false,Rx,9,3,B0,0D,00,00,00,00,00,00,
4317993456,00000010,false,Rx,9,3,B0,0D,00,00,00,00,00,00,
4318392023,00000010,false,Rx,9,7,B0,01,20,11,20,0E,00,00,
4318572023,00000010,false,Rx,9,7,B0,01,20,11,20,0D,00,00,
4318593559,00000010,false,Rx,9,3,B0,0D,00,00,00,00,00,00,
4318952140,00000010,false,Rx,9,7,B0,01,20,11,20,0D,00,00,
4318972093,00000010,false,Rx,9,7,B0,01,20,11,20,0D,00,00,
4318992122,00000010,false,Rx,9,7,B0,01,20,11,20,0E,00,00,
4319012154,00000010,false,Rx,9,7,B0,01,20,11,20,0D,00,00,
4319152198,00000010,false,Rx,9,7,B0,01,20,11,20,0D,00,00,
4319172185,00000010,false,Rx,9,7,B0,01,20,11,20,0D,00,00,
4319192077,00000010,false,Rx,9,7,B0,01,20,11,20,0E,00,00,
4319212161,00000010,false,Rx,9,7,B0,01,20,11,20,0D,00,00,
4319232233,00000010,false,Rx,9,7,B0,01,20,11,20,0D,00,00,
4319252146,00000010,false,Rx,9,7,B0,01,20,11,20,0D,00,00,
4319292176,00000010,false,Rx,9,7,B0,01,20,11,20,0D,00,00,
4319312129,00000010,false,Rx,9,7,B0,01,20,11,20,0D,00,00,
4319332134,00000010,false,Rx,9,7,B0,01,20,11,20,0D,00,00,
4319352195,00000010,false,Rx,9,7,B0,01,20,11,20,0D,00,00,
4319372214,00000010,false,Rx,9,7,B0,01,20,11,20,0D,00,00,
4319392214,00000010,false,Rx,9,7,B0,01,20,11,20,0E,00,00,
4319412222,00000010,false,Rx,9,7,B0,01,20,11,20,0D,00,00,
4319432171,00000010,false,Rx,9,7,B0,01,20,11,20,0D,00,00,
4319452196,00000010,false,Rx,9,7,B0,01,20,11,20,0D,00,00,
4319472251,00000010,false,Rx,9,7,B0,01,20,11,20,0D,00,00,
4319492224,00000010,false,Rx,9,7,B0,01,20,11,20,0D,00,00,
4319512188,00000010,false,Rx,9,7,B0,01,20,11,20,0D,00,00,
4319532197,00000010,false,Rx,9,7,B0,01,20,11,20,0D,00,00,
4319552305,00000010,false,Rx,9,7,B0,01,20,11,20,0D,00,00,
4319572223,00000010,false,Rx,9,7,B0,01,20,11,20,0D,00,00,
4319592183,00000010,false,Rx,9,7,B0,01,20,11,20,0E,00,00,
4319612197,00000010,false,Rx,9,7,B0,01,20,11,20,0D,00,00,
4319632195,00000010,false,Rx,9,7,B0,01,20,11,20,0D,00,00,
4319652262,00000010,false,Rx,9,7,B0,01,20,11,20,0D,00,00,
4319672265,00000010,false,Rx,9,7,B0,01,20,11,20,0D,00,00,
4319692244,00000010,false,Rx,9,7,B0,01,20,11,20,0D,00,00,
4319712219,00000010,false,Rx,9,7,B0,01,20,11,20,0D,00,00,
4319732241,00000010,false,Rx,9,7,B0,01,20,11,20,0D,00,00,
4319752383,00000010,false,Rx,9,7,B0,01,20,11,20,0D,00,00,
4319772282,00000010,false,Rx,9,7,B0,01,20,11,20,0D,00,00,
4319792180,00000010,false,Rx,9,7,B0,01,20,11,20,0E,00,00,
4319812252,00000010,false,Rx,9,7,B0,01,20,11,20,0D,00,00,
4319832285,00000010,false,Rx,9,7,B0,01,20,11,20,0D,00,00,
4319852270,00000010,false,Rx,9,7,B0,01,20,11,20,0D,00,00,
4319872295,00000010,false,Rx,9,7,B0,01,20,11,20,0D,00,00,
4319892241,00000010,false,Rx,9,7,B0,01,20,11,20,0D,00,00,
4319912327,00000010,false,Rx,9,7,B0,01,20,11,20,0D,00,00,
4319932332,00000010,false,Rx,9,7,B0,01,20,11,20,0D,00,00,
4319952272,00000010,false,Rx,9,7,B0,01,20,11,20,0D,00,00,
4319972310,00000010,false,Rx,9,7,B0,01,20,11,20,0D,00,00,
4319992270,00000010,false,Rx,9,7,B0,01,20,11,20,0E,00,00,
4320012224,00000010,false,Rx,9,7,B0,01,20,11,20,0D,00,00,
4320032284,00000010,false,Rx,9,7,B0,01,20,11,20,0D,00,00,
4320052259,00000010,false,Rx,9,7,B0,01,20,11,20,0D,00,00,
4320072263,00000010,false,Rx,9,7,B0,01,20,11,20,0D,00,00,
4320092323,00000010,false,Rx,9,7,B0,01,20,11,20,0D,00,00,
4320112322,00000010,false,Rx,9,7,B0,01,20,11,20,0D,00,00,
4320132298,00000010,false,Rx,9,7,B0,01,20,11,20,0D,00,00,
4320152311,00000010,false,Rx,9,7,B0,01,20,11,20,0D,00,00,
4320172299,00000010,false,Rx,9,7,B0,01,20,11,20,0D,00,00,
4320192249,00000010,false,Rx,9,7,B0,01,20,11,20,0E,00,00,
4320212318,00000010,false,Rx,9,7,B0,01,20,11,20,0D,00,00,
4320232301,00000010,false,Rx,9,7,B0,01,20,11,20,0D,00,00,
4320252340,00000010,false,Rx,9,7,B0,01,20,11,20,0D,00,00,
4320272358,00000010,false,Rx,9,7,B0,01,20,11,20,0D,00,00,
4320292370,00000010,false,Rx,9,7,B0,01,20,11,20,0D,00,00,
4320312358,00000010,false,Rx,9,7,B0,01,20,11,20,0D,00,00,
4320332338,00000010,false,Rx,9,7,B0,01,20,11,20,0D,00,00,
4320352358,00000010,false,Rx,9,7,B0,01,20,11,20,0D,00,00,
4320372343,00000010,false,Rx,9,7,B0,01,20,11,20,0D,00,00,
4320392331,00000010,false,Rx,9,7,B0,01,20,11,20,0E,00,00,
4320412319,00000010,false,Rx,9,7,B0,01,20,11,20,0D,00,00,
4320432414,00000010,false,Rx,9,7,B0,01,20,11,20,0D,00,00,
4320452358,00000010,false,Rx,9,7,B0,01,20,11,20,0D,00,00,
4320472316,00000010,false,Rx,9,7,B0,01,20,11,20,0D,00,00,
4320492359,00000010,false,Rx,9,7,B0,01,20,11,20,0D,00,00,
4320512389,00000010,false,Rx,9,7,B0,01,20,11,20,0D,00,00,
4320532405,00000010,false,Rx,9,7,B0,01,20,11,20,0D,00,00,
4320552346,00000010,false,Rx,9,7,B0,01,20,11,20,0D,00,00,
4320572351,00000010,false,Rx,9,7,B0,01,20,11,20,0D,00,00,
4320592304,00000010,false,Rx,9,7,B0,01,20,11,20,0E,00,00,
4320612395,00000010,false,Rx,9,7,B0,01,20,11,20,0D,00,00,
4320632359,00000010,false,Rx,9,7,B0,01,20,11,20,0D,00,00,
4320652407,00000010,false,Rx,9,7,B0,01,20,11,20,0D,00,00,
4320672400,00000010,false,Rx,9,7,B0,01,20,11,20,0D,00,00,
4320692409,00000010,false,Rx,9,7,B0,01,20,11,20,0D,00,00,
4320712449,00000010,false,Rx,9,7,B0,01,20,11,20,0D,00,00,
4320732359,00000010,false,Rx,9,7,B0,01,20,11,20,0D,00,00,
4320752391,00000010,false,Rx,9,7,B0,01,20,11,20,0D,00,00,
4320772448,00000010,false,Rx,9,7,B0,01,20,11,20,0D,00,00,
4320792357,00000010,false,Rx,9,7,B0,01,20,11,20,0E,00,00,
4320812416,00000010,false,Rx,9,7,B0,01,20,11,20,0D,00,00,
4320832404,00000010,false,Rx,9,7,B0,01,20,11,20,0D,00,00,
4320852443,00000010,false,Rx,9,7,B0,01,20,11,20,0D,00,00,
4320872463,00000010,false,Rx,9,7,B0,01,20,11,20,0D,00,00,
4320892395,00000010,false,Rx,9,7,B0,01,20,11,20,0D,00,00,
4320912387,00000010,false,Rx,9,7,B0,01,20,11,20,0D,00,00,
4320932454,00000010,false,Rx,9,7,B0,01,20,11,20,0D,00,00,
4320952452,00000010,false,Rx,9,7,B0,01,20,11,20,0D,00,00,
4320972448,00000010,false,Rx,9,7,B0,01,20,11,20,0D,00,00,
4320992405,00000010,false,Rx,9,7,B0,01,20,11,20,0E,00,00,
4321012449,00000010,false,Rx,9,7,B0,01,20,11,20,0D,00,00,
4321032481,00000010,false,Rx,9,7,B0,01,20,11,20,0D,00,00,
4321052413,00000010,false,Rx,9,7,B0,01,20,11,20,0D,00,00,
4321072504,00000010,false,Rx,9,7,B0,01,20,11,20,0D,00,00,
4321092514,00000010,false,Rx,9,7,B0,01,20,11,20,0D,00,00,
4321112453,00000010,false,Rx,9,7,B0,01,20,11,20,0D,00,00,
4321132420,00000010,false,Rx,9,7,B0,01,20,11,20,0D,00,00,
4321152512,00000010,false,Rx,9,7,B0,01,20,11,20,0D,00,00,
4321172493,00000010,false,Rx,9,7,B0,01,20,11,20,0D,00,00,
4321192486,00000010,false,Rx,9,7,B0,01,20,11,20,0E,00,00,
4321212439,00000010,false,Rx,9,7,B0,01,20,11,20,0D,00,00,
4321232438,00000010,false,Rx,9,7,B0,01,20,11,20,0D,00,00,
4321252519,00000010,false,Rx,9,7,B0,01,20,11,20,0D,00,00,
4321272446,00000010,false,Rx,9,7,B0,01,20,11,20,0D,00,00,
4321292455,00000010,false,Rx,9,7,B0,01,20,11,20,0D,00,00,
4321312544,00000010,false,Rx,9,7,B0,01,20,11,20,0D,00,00,
4321332444,00000010,false,Rx,9,7,B0,01,20,11,20,0D,00,00,
4321352499,00000010,false,Rx,9,7,B0,01,20,11,20,0D,00,00,
4321372571,00000010,false,Rx,9,7,B0,01,20,11,20,0D,00,00,
4321392516,00000010,false,Rx,9,7,B0,01,20,11,20,0E,00,00,
4321412544,00000010,false,Rx,9,7,B0,01,20,11,20,0D,00,00,
4321432549,00000010,false,Rx,9,7,B0,01,20,11,20,0D,00,00,
4321452462,00000010,false,Rx,9,7,B0,01,20,11,20,0D,00,00,
4321472525,00000010,false,Rx,9,7,B0,01,20,11,20,0D,00,00,
4321492528,00000010,false,Rx,9,7,B0,01,20,11,20,0D,00,00,
4321512574,00000010,false,Rx,9,7,B0,01,20,11,20,0D,00,00,
4321532577,00000010,false,Rx,9,7,B0,01,20,11,20,0D,00,00,
4321552499,00000010,false,Rx,9,7,B0,01,20,11,20,0D,00,00,
4321572482,00000010,false,Rx,9,7,B0,01,20,11,20,0D,00,00,
4321592529,00000010,false,Rx,9,7,B0,01,20,11,20,0E,00,00,
4321612519,00000010,false,Rx,9,7,B0,01,20,11,20,0D,00,00,
4321632558,00000010,false,Rx,9,7,B0,01,20,11,20,0D,00,00,
4321652546,00000010,false,Rx,9,7,B0,01,20,11,20,0D,00,00,
4321672581,00000010,false,Rx,9,7,B0,01,20,11,20,0D,00,00,
4321692555,00000010,false,Rx,9,7,B0,01,20,11,20,0D,00,00,
4321712559,00000010,false,Rx,9,7,B0,01,20,11,20,0D,00,00,
4321732587,00000010,false,Rx,9,7,B0,01,20,11,20,0D,00,00,
4321752598,00000010,false,Rx,9,7,B0,01,20,11,20,0D,00,00,
4321772580,00000010,false,Rx,9,7,B0,01,20,11,20,0D,00,00,
4321792504,00000010,false,Rx,9,7,B0,01,20,11,20,0E,00,00,
4321812545,00000010,false,Rx,9,7,B0,01,20,11,20,0D,00,00,
4321832611,00000010,false,Rx,9,7,B0,01,20,11,20,0D,00,00,
4321852615,00000010,false,Rx,9,7,B0,01,20,11,20,0D,00,00,
4321872574,00000010,false,Rx,9,7,B0,01,20,11,20,0D,00,00,
4321892624,00000010,false,Rx,9,7,B0,01,20,11,20,0D,00,00,
4321912555,00000010,false,Rx,9,7,B0,01,20,11,20,0D,00,00,
4321932637,00000010,false,Rx,9,7,B0,01,20,11,20,0D,00,00,
4321952641,00000010,false,Rx,9,7,B0,01,20,11,20,0D,00,00,
4321972574,00000010,false,Rx,9,7,B0,01,20,11,20,0D,00,00,
4321992592,00000010,false,Rx,9,7,B0,01,20,11,20,0E,00,00,
4322012632,00000010,false,Rx,9,7,B0,01,20,11,20,0D,00,00,
4322032656,00000010,false,Rx,9,7,B0,01,20,11,20,0D,00,00,
4322052611,00000010,false,Rx,9,7,B0,01,20,11,20,0D,00,00,
4322072574,00000010,false,Rx,9,7,B0,01,20,11,20,0D,00,00,
4322092655,00000010,false,Rx,9,7,B0,01,20,11,20,0D,00,00,
4322112672,00000010,false,Rx,9,7,B0,01,20,11,20,0D,00,00,
4322132659,00000010,false,Rx,9,7,B0,01,20,11,20,0D,00,00,
4322152631,00000010,false,Rx,9,7,B0,01,20,11,20,0D,00,00,
4322172605,00000010,false,Rx,9,7,B0,01,20,11,20,0D,00,00,
4322192655,00000010,false,Rx,9,7,B0,01,20,11,20,0E,00,00,
4322212663,00000010,false,Rx,9,7,B0,01,20,11,20,0D,00,00,
4322232604,00000010,false,Rx,9,7,B0,01,20,11,20,0D,00,00,
4322252668,00000010,false,Rx,9,7,B0,01,20,11,20,0D,00,00,
4322272680,00000010,false,Rx,9,7,B0,01,20,11,20,0D,00,00,
4322292697,00000010,false,Rx,9,7,B0,01,20,11,20,0D,00,00,
4322312686,00000010,false,Rx,9,7,B0,01,20,11,20,0D,00,00,
4322332621,00000010,false,Rx,9,7,B0,01,20,11,20,0D,00,00,
4322352648,00000010,false,Rx,9,7,B0,01,20,11,20,0D,00,00,
4322372620,00000010,false,Rx,9,7,B0,01,20,11,20,0D,00,00,
4322392657,00000010,false,Rx,9,7,B0,01,20,11,20,0E,00,00,
4322412687,00000010,false,Rx,9,7,B0,01,20,11,20,0D,00,00,
4322432701,00000010,false,Rx,9,7,B0,01,20,11,20,0D,00,00,
4322452676,00000010,false,Rx,9,7,B0,01,20,11,20,0D,00,00,
4322472676,00000010,false,Rx,9,7,B0,01,20,11,20,0D,00,00,
4322492658,00000010,false,Rx,9,7,B0,01,20,11,20,0D,00,00,
4322512730,00000010,false,Rx,9,7,B0,01,20,11,20,0D,00,00,
4322532647,00000010,false,Rx,9,7,B0,01,20,11,20,0D,00,00,
4322552699,00000010,false,Rx,9,7,B0,01,20,11,20,0D,00,00,
4322572687,00000010,false,Rx,9,7,B0,01,20,11,20,0D,00,00,
4322592729,00000010,false,Rx,9,7,B0,01,20,11,20,0E,00,00,
4322612660,00000010,false,Rx,9,7,B0,01,20,11,20,0D,00,00,
4322632680,00000010,false,Rx,9,7,B0,01,20,11,20,0D,00,00,
4322652671,00000010,false,Rx,9,7,B0,01,20,11,20,0D,00,00,
4322672722,00000010,false,Rx,9,7,B0,01,20,11,20,0D,00,00,
4322692709,00000010,false,Rx,9,7,B0,01,20,11,20,0D,00,00,
4322712667,00000010,false,Rx,9,7,B0,01,20,11,20,0D,00,00,
4322732666,00000010,false,Rx,9,7,B0,01,20,11,20,0D,00,00,
4322752697,00000010,false,Rx,9,7,B0,01,20,11,20,0D,00,00,
4322772741,00000010,false,Rx,9,7,B0,01,20,11,20,0D,00,00,
4322792704,00000010,false,Rx,9,7,B0,01,20,11,20,0E,00,00,
4322793486,00000010,false,Rx,9,3,B0,0D,00,00,00,00,00,00,
4322812675,00000010,false,Rx,9,7,B0,01,20,11,20,0D,00,00,
4322832791,00000010,false,Rx,9,7,B0,01,20,11,20,0D,00,00,
4322852673,00000010,false,Rx,9,7,B0,01,20,11,20,0D,00,00,
4322872641,00000010,false,Rx,9,7,B0,01,20,11,20,0D,00,00,
4322892782,00000010,false,Rx,9,7,B0,01,20,11,20,0D,00,00,
4322912771,00000010,false,Rx,9,7,B0,01,20,11,20,0D,00,00,
4322932735,00000010,false,Rx,9,7,B0,01,20,11,20,0D,00,00,
4322952798,00000010,false,Rx,9,7,B0,01,20,11,20,0D,00,00,
4322972750,00000010,false,Rx,9,7,B0,01,20,11,20,0D,00,00,
4322992724,00000010,false,Rx,9,7,B0,01,20,11,20,0E,00,00,
4322993520,00000010,false,Rx,9,3,B0,0D,00,00,00,00,00,00,
4323012678,00000010,false,Rx,9,7,B0,01,20,11,20,0D,00,00,
4323032741,00000010,false,Rx,9,7,B0,01,20,11,20,0D,00,00,
4323052740,00000010,false,Rx,9,7,B0,01,20,11,20,0D,00,00,
4323072796,00000010,false,Rx,9,7,B0,01,20,11,20,0D,00,00,
4323092830,00000010,false,Rx,9,7,B0,01,20,11,20,0D,00,00,
4323112772,00000010,false,Rx,9,7,B0,01,20,11,20,0D,00,00,
4323132743,00000010,false,Rx,9,7,B0,01,20,11,20,0D,00,00,
4323152844,00000010,false,Rx,9,7,B0,01,20,11,20,0D,00,00,
4323172813,00000010,false,Rx,9,7,B0,01,20,11,20,0D,00,00,
4323192801,00000010,false,Rx,9,7,B0,01,20,11,20,0E,00,00,
4323193624,00000010,false,Rx,9,3,B0,0D,00,00,00,00,00,00,
4323212745,00000010,false,Rx,9,7,B0,01,20,11,20,0D,00,00,
4323232782,00000010,false,Rx,9,7,B0,01,20,11,20,0D,00,00,
4323252767,00000010,false,Rx,9,7,B0,01,20,11,20,0D,00,00,
4323272784,00000010,false,Rx,9,7,B0,01,20,11,20,0D,00,00,
4323292849,00000010,false,Rx,9,7,B0,01,20,11,20,0D,00,00,
4323312710,00000010,false,Rx,9,7,B0,01,20,11,20,0D,00,00,
4323332799,00000010,false,Rx,9,7,B0,01,20,11,20,0D,00,00,
4323352817,00000010,false,Rx,9,7,B0,01,20,11,20,0D,00,00,
4323372770,00000010,false,Rx,9,7,B0,01,20,11,20,0D,00,00,
4323392871,00000010,false,Rx,9,7,B0,01,20,11,20,0E,00,00,
4323393649,00000010,false,Rx,9,3,B0,0D,00,00,00,00,00,00,
4323412802,00000010,false,Rx,9,7,B0,01,20,11,20,0D,00,00,
4323432781,00000010,false,Rx,9,7,B0,01,20,11,20,0D,00,00,
4323452866,00000010,false,Rx,9,7,B0,01,20,11,20,0D,00,00,
4323472817,00000010,false,Rx,9,7,B0,01,20,11,20,0D,00,00,
4323492893,00000010,false,Rx,9,7,B0,01,20,11,20,0D,00,00,
4323512880,00000010,false,Rx,9,7,B0,01,20,11,20,0D,00,00,
4323532813,00000010,false,Rx,9,7,B0,01,20,11,20,0D,00,00,
4323552761,00000010,false,Rx,9,7,B0,01,20,11,20,0D,00,00,
4323572796,00000010,false,Rx,9,7,B0,01,20,11,20,0D,00,00,
4323592727,00000010,false,Rx,9,7,B0,01,20,11,20,0E,00,00,
4323593617,00000010,false,Rx,9,3,B0,0D,00,00,00,00,00,00,
4323612903,00000010,false,Rx,9,7,B0,01,20,11,20,0D,00,00,
4323632939,00000010,false,Rx,9,7,B0,01,20,11,20,0D,00,00,
4323652758,00000010,false,Rx,9,7,B0,01,20,11,20,0D,00,00,
4323672924,00000010,false,Rx,9,7,B0,01,20,11,20,0D,00,00,
4323692861,00000010,false,Rx,9,7,B0,01,20,11,20,0D,00,00,
4323712850,00000010,false,Rx,9,7,B0,01,20,11,20,0D,00,00,
4323732936,00000010,false,Rx,9,7,B0,01,20,11,20,0D,00,00,
4323753115,00000010,false,Rx,9,7,B0,01,20,11,20,0D,00,00,
4323772886,00000010,false,Rx,9,7,B0,01,20,11,20,0D,00,00,
4323792848,00000010,false,Rx,9,7,B0,01,20,11,20,0E,00,00,
4323793743,00000010,false,Rx,9,3,B0,0D,00,00,00,00,00,00,
4323812880,00000010,false,Rx,9,7,B0,01,20,11,20,0D,00,00,
4323832870,00000010,false,Rx,9,7,B0,01,20,11,20,0D,00,00,
4323852889,00000010,false,Rx,9,7,B0,01,20,11,20,0D,00,00,
4323872982,00000010,false,Rx,9,7,B0,01,20,11,20,0D,00,00,
4323892916,00000010,false,Rx,9,7,B0,01,20,11,20,0D,00,00,
4323912883,00000010,false,Rx,9,7,B0,01,20,11,20,0D,00,00,
4323932853,00000010,false,Rx,9,7,B0,01,20,11,20,0D,00,00,
4323952866,00000010,false,Rx,9,7,B0,01,20,11,20,0D,00,00,
4323972903,00000010,false,Rx,9,7,B0,01,20,11,20,0D,00,00,
4323992987,00000010,false,Rx,9,7,B0,01,20,11,20,0E,00,00,
4323993702,00000010,false,Rx,9,3,B0,0D,00,00,00,00,00,00,
4324012866,00000010,false,Rx,9,7,B0,01,20,11,20,0D,00,00,
4324032940,00000010,false,Rx,9,7,B0,01,20,11,20,0D,00,00,
4324052908,00000010,false,Rx,9,7,B0,01,20,11,20,0D,00,00,
4324072968,00000010,false,Rx,9,7,B0,01,20,11,20,0D,00,00,
4324092931,00000010,false,Rx,9,7,B0,01,20,11,20,0D,00,00,
4324132903,00000010,false,Rx,9,7,B0,01,20,11,20,0D,00,00,
4324152999,00000010,false,Rx,9,7,B0,01,20,11,20,0D,00,00,
4324192975,00000010,false,Rx,9,7,B0,01,20,11,20,0E,00,00,
4324193761,00000010,false,Rx,9,3,B0,0D,00,00,00,00,00,00,
4324213076,00000010,false,Rx,9,7,B0,01,20,11,20,0D,00,00,
4324232942,00000010,false,Rx,9,7,B0,01,20,11,20,0D,00,00,
4324272947,00000010,false,Rx,9,7,B0,01,20,11,20,0D,00,00,
4324292926,00000010,false,Rx,9,7,B0,01,20,11,20,0D,00,00,
4324312980,00000010,false,Rx,9,7,B0,01,20,11,20,0D,00,00,
4324332996,00000010,false,Rx,9,7,B0,01,20,11,20,0D,00,00,
4324352942,00000010,false,Rx,9,7,B0,01,20,11,20,0D,00,00,
4324372958,00000010,false,Rx,9,7,B0,01,20,11,20,0D,00,00,
4324392907,00000010,false,Rx,9,7,B0,01,20,11,20,0E,00,00,
4324393794,00000010,false,Rx,9,3,B0,0D,00,00,00,00,00,00,
4324412969,00000010,false,Rx,9,7,B0,01,20,11,20,0D,00,00,
4324433067,00000010,false,Rx,9,7,B0,01,20,11,20,0D,00,00,
4324453036,00000010,false,Rx,9,7,B0,01,20,11,20,0D,00,00,
4324473018,00000010,false,Rx,9,7,B0,01,20,11,20,0D,00,00,
4324512967,00000010,false,Rx,9,7,B0,01,20,11,20,0D,00,00,
4324533060,00000010,false,Rx,9,7,B0,01,20,11,20,0D,00,00,
4324552997,00000010,false,Rx,9,7,B0,01,20,11,20,0D,00,00,
4324573075,00000010,false,Rx,9,7,B0,01,20,11,20,0D,00,00,
4324593928,00000010,false,Rx,9,3,B0,0D,00,00,00,00,00,00,
4324613064,00000010,false,Rx,9,7,B0,01,20,11,20,0D,00,00,
4324633075,00000010,false,Rx,9,7,B0,01,20,11,20,0D,00,00,
4324653032,00000010,false,Rx,9,7,B0,01,20,11,20,0D,00,00,
4324753109,00000010,false,Rx,9,7,B0,01,20,11,20,0D,00,00,
4324774172,00000010,false,Rx,9,7,B0,01,20,11,20,0D,00,00,
4324794235,00000010,false,Rx,9,7,B0,01,20,11,20,0E,00,00,
4324794254,00000010,false,Rx,9,3,B0,0D,00,00,00,00,00,00,
4324834324,00000010,false,Rx,9,7,B0,01,20,11,20,0D,00,00,
4324893048,00000010,false,Rx,9,7,B0,01,20,11,20,0D,00,00,
4324913014,00000010,false,Rx,9,7,B0,01,20,11,20,0D,00,00,
4324953035,00000010,false,Rx,9,7,B0,01,20,11,20,0D,00,00,
4324972978,00000010,false,Rx,9,7,B0,01,20,11,20,0D,00,00,
4324994077,00000010,false,Rx,9,3,B0,0D,00,00,00,00,00,00,
4325033100,00000010,false,Rx,9,7,B0,01,20,11,20,0D,00,00,
4325053040,00000010,false,Rx,9,7,B0,01,20,11,20,0D,00,00,
4325073019,00000010,false,Rx,9,7,B0,01,20,11,20,0D,00,00,
4325093114,00000010,false,Rx,9,7,B0,01,20,11,20,0D,00,00,
4325133040,00000010,false,Rx,9,7,B0,01,20,11,20,0D,00,00,
4325173027,00000010,false,Rx,9,7,B0,01,20,11,20,0D,00,00,
4325193067,00000010,false,Rx,9,7,B0,01,20,11,20,0E,00,00,
4325195424,00000010,false,Rx,9,3,B0,0D,00,00,00,00,00,00,
4325233020,00000010,false,Rx,9,7,B0,01,20,11,20,0D,00,00,
4325253039,00000010,false,Rx,9,7,B0,01,20,11,20,0D,00,00,
4325273118,00000010,false,Rx,9,7,B0,01,20,11,20,0D,00,00,
4325293120,00000010,false,Rx,9,7,B0,01,20,11,20,0D,00,00,
4325313092,00000010,false,Rx,9,7,B0,01,20,11,20,0D,00,00,
4325333120,00000010,false,Rx,9,7,B0,01,20,11,20,0D,00,00,
4325373139,00000010,false,Rx,9,7,B0,01,20,11,20,0D,00,00,
4325394572,00000010,false,Rx,9,3,B0,0D,00,00,00,00,00,00,
4325413050,00000010,false,Rx,9,7,B0,01,20,11,20,0D,00,00,
4325453067,00000010,false,Rx,9,7,B0,01,20,11,20,0D,00,00,
4325473066,00000010,false,Rx,9,7,B0,01,20,11,20,0D,00,00,
4325493165,00000010,false,Rx,9,7,B0,01,20,11,20,0D,00,00,
4325513119,00000010,false,Rx,9,7,B0,01,20,11,20,0D,00,00,
4325533152,00000010,false,Rx,9,7,B0,01,20,11,20,0D,00,00,
4325553126,00000010,false,Rx,9,7,B0,01,20,11,20,0D,00,00,
4325573129,00000010,false,Rx,9,7,B0,01,20,11,20,0D,00,00,
4325594649,00000010,false,Rx,9,3,B0,0D,00,00,00,00,00,00,
4325613145,00000010,false,Rx,9,7,B0,01,20,11,20,0D,00,00,
4325633100,00000010,false,Rx,9,7,B0,01,20,11,20,0D,00,00,
4325653188,00000010,false,Rx,9,7,B0,01,20,11,20,0D,00,00,
4325673119,00000010,false,Rx,9,7,B0,01,20,11,20,0D,00,00,
4325693159,00000010,false,Rx,9,7,B0,01,20,11,20,0D,00,00,
4325733136,00000010,false,Rx,9,7,B0,01,20,11,20,0D,00,00,
4325773173,00000010,false,Rx,9,7,B0,01,20,11,20,0D,00,00,
4325794751,00000010,false,Rx,9,3,B0,0D,00,00,00,00,00,00,
4325813206,00000010,false,Rx,9,7,B0,01,20,11,20,0D,00,00,
4325833214,00000010,false,Rx,9,7,B0,01,20,11,20,0D,00,00,
4325853203,00000010,false,Rx,9,7,B0,01,20,11,20,0D,00,00,
4325873241,00000010,false,Rx,9,7,B0,01,20,11,20,0D,00,00,
4325893191,00000010,false,Rx,9,7,B0,01,20,11,20,0D,00,00,
4325953163,00000010,false,Rx,9,7,B0,01,20,11,20,0D,00,00,
4325973172,00000010,false,Rx,9,7,B0,01,20,11,20,0D,00,00,
4325993162,00000010,false,Rx,9,7,B0,01,20,11,20,0E,00,00,
4325994010,00000010,false,Rx,9,3,B0,0D,00,00,00,00,00,00,
4326013231,00000010,false,Rx,9,7,B0,01,20,11,20,0D,00,00,
4326053266,00000010,false,Rx,9,7,B0,01,20,11,20,0D,00,00,
4326073223,00000010,false,Rx,9,7,B0,01,20,11,20,0D,00,00,
4326093225,00000010,false,Rx,9,7,B0,01,20,11,20,0D,00,00,
4326113170,00000010,false,Rx,9,7,B0,01,20,11,20,0D,00,00,
4326133262,00000010,false,Rx,9,7,B0,01,20,11,20,0D,00,00,
4326193185,00000010,false,Rx,9,7,B0,01,20,11,20,0E,00,00,
4326194037,00000010,false,Rx,9,3,B0,0D,00,00,00,00,00,00,
4326233188,00000010,false,Rx,9,7,B0,01,20,11,20,0D,00,00,
4326273293,00000010,false,Rx,9,7,B0,01,20,11,20,0D,00,00,
4326293258,00000010,false,Rx,9,7,B0,01,20,11,20,0D,00,00,
4326353219,00000010,false,Rx,9,7,B0,01,20,11,20,0D,00,00,
4326393238,00000010,false,Rx,9,7,B0,01,20,11,20,0E,00,00,
4326394022,00000010,false,Rx,9,3,B0,0D,00,00,00,00,00,00,
4326413215,00000010,false,Rx,9,7,B0,01,20,11,20,0D,00,00,
4326433311,00000010,false,Rx,9,7,B0,01,20,11,20,0D,00,00,
4326453300,00000010,false,Rx,9,7,B0,01,20,11,20,0D,00,00,
4326473247,00000010,false,Rx,9,7,B0,01,20,11,20,0D,00,00,
4326493252,00000010,false,Rx,9,7,B0,01,20,11,20,0D,00,00,
4326513240,00000010,false,Rx,9,7,B0,01,20,11,20,0D,00,00,
4326533231,00000010,false,Rx,9,7,B0,01,20,11,20,0D,00,00,
4326573345,00000010,false,Rx,9,7,B0,01,20,11,20,0D,00,00,
4326593289,00000010,false,Rx,9,7,B0,01,20,11,20,0E,00,00,
4326594075,00000010,false,Rx,9,3,B0,0D,00,00,00,00,00,00,
4326613353,00000010,false,Rx,9,7,B0,01,20,11,20,0D,00,00,
4326673344,00000010,false,Rx,9,7,B0,01,20,11,20,0D,00,00,
4326693269,00000010,false,Rx,9,7,B0,01,20,11,20,0D,00,00,
4326713319,00000010,false,Rx,9,7,B0,01,20,11,20,0D,00,00,
4326753365,00000010,false,Rx,9,7,B0,01,20,11,20,0D,00,00,
4326773366,00000010,false,Rx,9,7,B0,01,20,11,20,0D,00,00,
4326794192,00000010,false,Rx,9,3,B0,0D,00,00,00,00,00,00,
4326873295,00000010,false,Rx,9,7,B0,01,20,11,20,0D,00,00,
4326893296,00000010,false,Rx,9,7,B0,01,20,11,20,0D,00,00,
4326913379,00000010,false,Rx,9,7,B0,01,20,11,20,0D,00,00,
4326994211,00000010,false,Rx,9,3,B0,0D,00,00,00,00,00,00,
4327033316,00000010,false,Rx,9,7,B0,01,20,11,20,0D,00,00,
4327053424,00000010,false,Rx,9,7,B0,01,20,11,20,0D,00,00,
4327153360,00000010,false,Rx,9,7,B0,01,20,11,20,0D,00,00,
4327193300,00000010,false,Rx,9,7,B0,01,20,11,20,0E,00,00,
4327213371,00000010,false,Rx,9,7,B0,01,20,11,20,0D,00,00,
4327233381,00000010,false,Rx,9,7,B0,01,20,11,20,0D,00,00,
4327253421,00000010,false,Rx,9,7,B0,01,20,11,20,0D,00,00,
4327273372,00000010,false,Rx,9,7,B0,01,20,11,20,0D,00,00,
4327313363,00000010,false,Rx,9,7,B0,01,20,11,20,0D,00,00,
4327353390,00000010,false,Rx,9,7,B0,01,20,11,20,0D,00,00,
4327373393,00000010,false,Rx,9,7,B0,01,20,11,20,0D,00,00,
4327394359,00000010,false,Rx,9,3,B0,0D,00,00,00,00,00,00,
4327453474,00000010,false,Rx,9,7,B0,01,20,11,20,0D,00,00,
4327533442,00000010,false,Rx,9,7,B0,01,20,11,20,0D,00,00,
4327592802,00000010,false,Rx,9,7,B0,01,20,11,01,0E,00,00,
4327612855,00000010,false,Rx,9,7,B0,01,01,11,01,0D,00,00,
4327632752,00000010,false,Rx,9,7,B0,01,01,11,01,0D,00,00,
4327652822,00000010,false,Rx,9,7,B0,01,01,11,01,0D,00,00,
